id,name,seq
1,RS0015,ATCCTCCTTCAATACATCCC
2,RS0083,ACACTACCACCATTTCCTAT
3,RS0095,ACTCCACTACTACTCACTCT
4,RS0109,ACCCTCTAACTTCCATCACA
5,RS0175,ACCACAACCCATTCCTTTCA
6,RS0237,TTTCTACCACTAATCAACCC
7,RS0247,ACCCTTTACAAACACACCCT
8,RS0255,TCCTATTCTCAACCTAACCT
9,RS0307,TATCCTTCAATCCCTCCACA
10,RS0332,ACATTACACCTCATTCTCCC
11,RS0343,TTTACTCCCTACACCTCCAA
12,RS0384,TTCTCCCTCTATCAACTCTA
13,RS0406,ACCCTTACTACTACATCATC
14,RS0451,TCCTAACAACCAACTACTCC
15,RS0468,TCTATCATTACCCTCCTCCT
16,RS0548,TATTCACCTTACAAACCCTC
17,RS0578,AAACACACACTAAACCACCC
18,RS0584,AACTCATCTCAATCCTCCCA
19,RS0639,TATCTCATCAATCCCACACT
20,RS0707,TCTATCATCTCCAAACCACA
21,RS0708,TCCAACTCATCTCTAATCTC
22,RS0730,AATACTCTCCCACCTCAACT
23,RS0763,ATAAATCATTCCCACTACCC
24,RS0793,ACCCAACACTCATAACATCC
25,RS0805,TTCCTAACAAATCACATCCC
26,RS0896,TACTACAAACCCATAATCCC
27,RS0820,TTCTTCCCTCAATCTTCATC
28,RS0994,AATCTCACCTTCCACTTCAC
29,RS0996,TTACCTCTAACCCTCCATTC
30,RS0967,TCCTCATCTTACTCCCTCTA
31,RS1040,ACTTTCCACATACTATCCCA
32,RS1047,ACCTTTCTCCATACCCAACT
33,RS1199,TCAAACTTTCCAACCACCTC
34,RS1316,ACATCCTAACTACAACCTTC
35,RS1312,TCCCAACTAACCTAACATTC
36,RS1261,ACACCATTTATCCACTCCTC
37,RS1326,ATCCTCACTACATCATCCAC
38,RS1404,TCCCTATCAATCTCCATAAC
39,RS1334,TCTCACACCACTTTCCTCAT
40,RS3505,AACTACATACTCCCTACCTC
41,RS1470,TTATCCATCCCTCTTCCTAC
42,RS1520,TCCTACAACATCCTTCCTAA
43,RS3583,ACTCCTACTCTTACACCATC
44,RS1678,ATTACACCTCAACCCACACA
45,RS3592,TCCCATACAAATCCAAACCT
46,RS3602,TTCTCTACTCATTCCCTCAA
47,RS1982,TTTACCTTACCCAACACCCA
48,RS3791,AAACTCCACATCCATCTCAT
49,RS3811,AATCTCCTCCAACACTTCTA
50,RS3918,AAATCACACCCACCCTACTT
51,RS3544,TACATCCAACTCCCTACACT
52,RS4013,ACTAAACCTACCACATACAC
53,RS4027,TCTTCCAACCATTCCTATCT
54,RS4070,TCACACACACTACCTTATTC
55,RS4098,TCTTCTTCATCCACACCTTC
56,RS4111,TACCTCAATCCCTAAACTTC
57,RS4140,TTCAATCCACATCTCCCTCA
58,RS4164,TACCAACAAACCTCCCTTAC
59,RS4194,TTATCCCACTCCTATCCTAA
60,RS4201,ACTCCTCCTTCAAATACTCC
61,RS4216,ATCACACATACTTCTCCACA
62,RS4324,AACTTATTCCCTCCATCATC
63,RS4341,ACTCTCACTTCCCTTCCAAT
64,RS4351,TCTCTAATCCACTAATACCC
65,RS4363,TTCCTCTAACCCTACTATCC
66,RS4365,ATCTAATACCCTCTTACTCC
67,RS4465,ACTCCCATTCAAATCTTCAC
68,RS4483,ACTTTCCCTACCATCCTCTA
69,RS4554,ACCTCTAATCAATCTCCCAC
70,Amp01,ACACTTTCACCTTCCCATTA
71,Amp02,TCCCAACACATCCTATCTCA
72,Amp03,ACCCATTACTCCATTACCAT
73,Amp04,TATCATCCTTACACCTCACT
74,Amp05,ACTCTCCTTTCCCATAACCT
75,Amp06,ATCATCAACACCTCATCAAC
76,Amp07,ACCCTTTCAATCCATTCCAA
77,Amp08,TCACCTCTAACTCATTACCT
78,Amp09,ACTTCTCACCTACCAATCAT
79,Amp10,TCCCACACATCATTTCCATT
80,Amp11,TCCTCCTATTCCCTAACAAC
81,Amp12,TCCCATCTTCTTCCTAACTA
82,Amp13,TCACAATCCTACCACTACCT
83,Amp14,TAACCTACACATCTCCACAA
84,Amp15,TCAATCCATTACCATCCCAC
85,Amp16,AACCAAACCCACTACTACCA
86,Amp17,TACCCAACTAAACCCAACTC
