id,header,footer,header_ori,footer_ori,footerT7,cleave1,cleave2
0,GTGCCGCAGACAGGTACCAT,TCGGATCCTCCTTACTTACTCTCCCTA,GTGCCGCAGACA,TCCTTACTT,GAATTTAATACGACTCACTATAGGGAGAGTAAGTAAGGAGGATCCGA,ATGGTACCTGTCTGCGGCAC,GGAGAGTAAGTAAGGAGGATCCGA
1,GCGGCATGATCTGGTACCTG,TAGGATCCCTGTTATCGACTCTCCCTA,GCGGCATGATCT,CTGTTATCG,GAATTTAATACGACTCACTATAGGGAGAGTCGATAACAGGGATCCTA,CAGGTACCAGATCATGCCGC,GGAGAGTCGATAACAGGGATCCTA
2,TTGTGTCGGCCAGGTACCAC,CAGGATCCTTCAGATGAACTCTCCCTA,TTGTGTCGGCCA,TTCAGATGA,GAATTTAATACGACTCACTATAGGGAGAGTTCATCTGAAGGATCCTG,GTGGTACCTGGCCGACACAA,GGAGAGTTCATCTGAAGGATCCTG
3,GTGATTGTCGCCGGTACCAC,CAGGATCCAACGTCTTTACTCTCCCTA,GTGATTGTCGCC,AACGTCTTT,GAATTTAATACGACTCACTATAGGGAGAGTAAAGACGTTGGATCCTG,GTGGTACCGGCGACAATCAC,GGAGAGTAAAGACGTTGGATCCTG
4,GCTGCTGATTGTGGTACCCG,GAGGATCCATGCAACTTACTCTCCCTA,GCTGCTGATTGT,ATGCAACTT,GAATTTAATACGACTCACTATAGGGAGAGTAAGTTGCATGGATCCTC,CGGGTACCACAATCAGCAGC,GGAGAGTAAGTTGCATGGATCCTC
5,CATATGGGCCCAGGTACCGA,CAGGATCCGATAACTGTACTCTCCCTA,CATATGGGCCCA,GATAACTGT,GAATTTAATACGACTCACTATAGGGAGAGTACAGTTATCGGATCCTG,TCGGTACCTGGGCCCATATG,GGAGAGTACAGTTATCGGATCCTG
6,GAAGGAGGCACAGGTACCGT,ATGGATCCGTTTAGTGTACTCTCCCTA,GAAGGAGGCACA,GTTTAGTGT,GAATTTAATACGACTCACTATAGGGAGAGTACACTAAACGGATCCAT,ACGGTACCTGTGCCTCCTTC,GGAGAGTACACTAAACGGATCCAT
7,GGCTATGTCCGTGGTACCCA,GTGGATCCGGTTCTTAAACTCTCCCTA,GGCTATGTCCGT,GGTTCTTAA,GAATTTAATACGACTCACTATAGGGAGAGTTTAAGAACCGGATCCAC,TGGGTACCACGGACATAGCC,GGAGAGTTTAAGAACCGGATCCAC
8,GTGCTTGCACTTGGTACCCC,GCGGATCCAACTACTTTACTCTCCCTA,GTGCTTGCACTT,AACTACTTT,GAATTTAATACGACTCACTATAGGGAGAGTAAAGTAGTTGGATCCGC,GGGGTACCAAGTGCAAGCAC,GGAGAGTAAAGTAGTTGGATCCGC
9,CATGGCATTCGTGGTACCCG,GCGGATCCTAATTCTCAACTCTCCCTA,CATGGCATTCGT,TAATTCTCA,GAATTTAATACGACTCACTATAGGGAGAGTTGAGAATTAGGATCCGC,CGGGTACCACGAATGCCATG,GGAGAGTTGAGAATTAGGATCCGC
10,AGGAAAGGGCGTGGTACCTC,AAGGATCCTATGCTCATACTCTCCCTA,AGGAAAGGGCGT,TATGCTCAT,GAATTTAATACGACTCACTATAGGGAGAGTATGAGCATAGGATCCTT,GAGGTACCACGCCCTTTCCT,GGAGAGTATGAGCATAGGATCCTT
11,GTGGGGTCCATCGGTACCTC,ATGGATCCGAAATGACTACTCTCCCTA,GTGGGGTCCATC,GAAATGACT,GAATTTAATACGACTCACTATAGGGAGAGTAGTCATTTCGGATCCAT,GAGGTACCGATGGACCCCAC,GGAGAGTAGTCATTTCGGATCCAT
12,ACGCGGGTTAGAGGTACCAT,TCGGATCCTGCATAATTACTCTCCCTA,ACGCGGGTTAGA,TGCATAATT,GAATTTAATACGACTCACTATAGGGAGAGTAATTATGCAGGATCCGA,ATGGTACCTCTAACCCGCGT,GGAGAGTAATTATGCAGGATCCGA
13,CTCGTGTGTTGCGGTACCAC,ATGGATCCAAAACTAGCACTCTCCCTA,CTCGTGTGTTGC,AAAACTAGC,GAATTTAATACGACTCACTATAGGGAGAGTGCTAGTTTTGGATCCAT,GTGGTACCGCAACACACGAG,GGAGAGTGCTAGTTTTGGATCCAT
14,CGTGCGTGATCAGGTACCGT,CCGGATCCGTCTACTATACTCTCCCTA,CGTGCGTGATCA,GTCTACTAT,GAATTTAATACGACTCACTATAGGGAGAGTATAGTAGACGGATCCGG,ACGGTACCTGATCACGCACG,GGAGAGTATAGTAGACGGATCCGG
15,CGGAGAACGTTCGGTACCCT,GTGGATCCTAACTGTCAACTCTCCCTA,CGGAGAACGTTC,TAACTGTCA,GAATTTAATACGACTCACTATAGGGAGAGTTGACAGTTAGGATCCAC,AGGGTACCGAACGTTCTCCG,GGAGAGTTGACAGTTAGGATCCAC
16,CTCGCTCAGACCGGTACCAC,GAGGATCCTTGTTTGACACTCTCCCTA,CTCGCTCAGACC,TTGTTTGAC,GAATTTAATACGACTCACTATAGGGAGAGTGTCAAACAAGGATCCTC,GTGGTACCGGTCTGAGCGAG,GGAGAGTGTCAAACAAGGATCCTC
17,AAGAGTGGCCCTGGTACCTT,CGGGATCCATAGACAAAACTCTCCCTA,AAGAGTGGCCCT,ATAGACAAA,GAATTTAATACGACTCACTATAGGGAGAGTTTTGTCTATGGATCCCG,AAGGTACCAGGGCCACTCTT,GGAGAGTTTTGTCTATGGATCCCG
18,CACTAGCTGGCAGGTACCCG,GTGGATCCGTTACTAGTACTCTCCCTA,CACTAGCTGGCA,GTTACTAGT,GAATTTAATACGACTCACTATAGGGAGAGTACTAGTAACGGATCCAC,CGGGTACCTGCCAGCTAGTG,GGAGAGTACTAGTAACGGATCCAC
19,GGGCTGTTTTGCGGTACCAA,CAGGATCCATATGTTCGACTCTCCCTA,GGGCTGTTTTGC,ATATGTTCG,GAATTTAATACGACTCACTATAGGGAGAGTCGAACATATGGATCCTG,TTGGTACCGCAAAACAGCCC,GGAGAGTCGAACATATGGATCCTG
20,TGCAGCCTGAGAGGTACCAT,AAGGATCCACAATAGACACTCTCCCTA,TGCAGCCTGAGA,ACAATAGAC,GAATTTAATACGACTCACTATAGGGAGAGTGTCTATTGTGGATCCTT,ATGGTACCTCTCAGGCTGCA,GGAGAGTGTCTATTGTGGATCCTT
21,ACGTGTCTCCATGGTACCCA,GTGGATCCGATCATTTCACTCTCCCTA,ACGTGTCTCCAT,GATCATTTC,GAATTTAATACGACTCACTATAGGGAGAGTGAAATGATCGGATCCAC,TGGGTACCATGGAGACACGT,GGAGAGTGAAATGATCGGATCCAC
22,CGGTTGCACCCTGGTACCTT,GAGGATCCTAGGTCTTTACTCTCCCTA,CGGTTGCACCCT,TAGGTCTTT,GAATTTAATACGACTCACTATAGGGAGAGTAAAGACCTAGGATCCTC,AAGGTACCAGGGTGCAACCG,GGAGAGTAAAGACCTAGGATCCTC
23,TGCCACGCTACAGGTACCAA,TTGGATCCAAGAAACTCACTCTCCCTA,TGCCACGCTACA,AAGAAACTC,GAATTTAATACGACTCACTATAGGGAGAGTGAGTTTCTTGGATCCAA,TTGGTACCTGTAGCGTGGCA,GGAGAGTGAGTTTCTTGGATCCAA
24,CAATGGACTCGCGGTACCAC,CAGGATCCGTTATACCTACTCTCCCTA,CAATGGACTCGC,GTTATACCT,GAATTTAATACGACTCACTATAGGGAGAGTAGGTATAACGGATCCTG,GTGGTACCGCGAGTCCATTG,GGAGAGTAGGTATAACGGATCCTG
25,CCGGTGTGAGTTGGTACCCA,TTGGATCCATGGTGATTACTCTCCCTA,CCGGTGTGAGTT,ATGGTGATT,GAATTTAATACGACTCACTATAGGGAGAGTAATCACCATGGATCCAA,TGGGTACCAACTCACACCGG,GGAGAGTAATCACCATGGATCCAA
26,CGGACTTCCCACGGTACCAT,CTGGATCCTACTACATGACTCTCCCTA,CGGACTTCCCAC,TACTACATG,GAATTTAATACGACTCACTATAGGGAGAGTCATGTAGTAGGATCCAG,ATGGTACCGTGGGAAGTCCG,GGAGAGTCATGTAGTAGGATCCAG
27,TACCTTCACGGCGGTACCTT,CTGGATCCATTGTGCTTACTCTCCCTA,TACCTTCACGGC,ATTGTGCTT,GAATTTAATACGACTCACTATAGGGAGAGTAAGCACAATGGATCCAG,AAGGTACCGCCGTGAAGGTA,GGAGAGTAAGCACAATGGATCCAG
28,CTGCTGTGAACCGGTACCCT,TCGGATCCTATTCGTACACTCTCCCTA,CTGCTGTGAACC,TATTCGTAC,GAATTTAATACGACTCACTATAGGGAGAGTGTACGAATAGGATCCGA,AGGGTACCGGTTCACAGCAG,GGAGAGTGTACGAATAGGATCCGA
29,AGGTCGAAGTGTGGTACCGC,CAGGATCCACTTTGCTTACTCTCCCTA,AGGTCGAAGTGT,ACTTTGCTT,GAATTTAATACGACTCACTATAGGGAGAGTAAGCAAAGTGGATCCTG,GCGGTACCACACTTCGACCT,GGAGAGTAAGCAAAGTGGATCCTG
30,CAGCCATCCCCAGGTACCAA,CGGGATCCATTCACTATACTCTCCCTA,CAGCCATCCCCA,ATTCACTAT,GAATTTAATACGACTCACTATAGGGAGAGTATAGTGAATGGATCCCG,TTGGTACCTGGGGATGGCTG,GGAGAGTATAGTGAATGGATCCCG
31,GGAGGTCGAAGCGGTACCAG,ATGGATCCTTGGATTGTACTCTCCCTA,GGAGGTCGAAGC,TTGGATTGT,GAATTTAATACGACTCACTATAGGGAGAGTACAATCCAAGGATCCAT,CTGGTACCGCTTCGACCTCC,GGAGAGTACAATCCAAGGATCCAT
32,CCCTCAACGTTCGGTACCCT,CAGGATCCCACAAACATACTCTCCCTA,CCCTCAACGTTC,CACAAACAT,GAATTTAATACGACTCACTATAGGGAGAGTATGTTTGTGGGATCCTG,AGGGTACCGAACGTTGAGGG,GGAGAGTATGTTTGTGGGATCCTG
33,AGAGGCTAGAACGGTACCCC,AAGGATCCTCACTGAATACTCTCCCTA,AGAGGCTAGAAC,TCACTGAAT,GAATTTAATACGACTCACTATAGGGAGAGTATTCAGTGAGGATCCTT,GGGGTACCGTTCTAGCCTCT,GGAGAGTATTCAGTGAGGATCCTT
34,ACCAGCCAATCCGGTACCTT,TTGGATCCATTGCTAGTACTCTCCCTA,ACCAGCCAATCC,ATTGCTAGT,GAATTTAATACGACTCACTATAGGGAGAGTACTAGCAATGGATCCAA,AAGGTACCGGATTGGCTGGT,GGAGAGTACTAGCAATGGATCCAA
35,CGTCGTCCAACTGGTACCCA,GAGGATCCGCTAATATCACTCTCCCTA,CGTCGTCCAACT,GCTAATATC,GAATTTAATACGACTCACTATAGGGAGAGTGATATTAGCGGATCCTC,TGGGTACCAGTTGGACGACG,GGAGAGTGATATTAGCGGATCCTC
36,GGCGTCACCATAGGTACCCA,AAGGATCCAGTCAGTTTACTCTCCCTA,GGCGTCACCATA,AGTCAGTTT,GAATTTAATACGACTCACTATAGGGAGAGTAAACTGACTGGATCCTT,TGGGTACCTATGGTGACGCC,GGAGAGTAAACTGACTGGATCCTT
37,GGCAGCATTCGAGGTACCGA,CTGGATCCTTTAACAGCACTCTCCCTA,GGCAGCATTCGA,TTTAACAGC,GAATTTAATACGACTCACTATAGGGAGAGTGCTGTTAAAGGATCCAG,TCGGTACCTCGAATGCTGCC,GGAGAGTGCTGTTAAAGGATCCAG
38,CACCAGGTTCCCGGTACCAT,CGGGATCCAAAACCATAACTCTCCCTA,CACCAGGTTCCC,AAAACCATA,GAATTTAATACGACTCACTATAGGGAGAGTTATGGTTTTGGATCCCG,ATGGTACCGGGAACCTGGTG,GGAGAGTTATGGTTTTGGATCCCG
39,GTTTGTTCTCCCGGTACCGC,TAGGATCCAAACTGTGTACTCTCCCTA,GTTTGTTCTCCC,AAACTGTGT,GAATTTAATACGACTCACTATAGGGAGAGTACACAGTTTGGATCCTA,GCGGTACCGGGAGAACAAAC,GGAGAGTACACAGTTTGGATCCTA
40,GGGCCTGTTACTGGTACCCA,GAGGATCCTGAATTTCCACTCTCCCTA,GGGCCTGTTACT,TGAATTTCC,GAATTTAATACGACTCACTATAGGGAGAGTGGAAATTCAGGATCCTC,TGGGTACCAGTAACAGGCCC,GGAGAGTGGAAATTCAGGATCCTC
41,GCGATCAGGGACGGTACCAT,TAGGATCCGGTATTACGACTCTCCCTA,GCGATCAGGGAC,GGTATTACG,GAATTTAATACGACTCACTATAGGGAGAGTCGTAATACCGGATCCTA,ATGGTACCGTCCCTGATCGC,GGAGAGTCGTAATACCGGATCCTA
42,GGCACTGAGTCAGGTACCCG,TAGGATCCTGCCATAAGACTCTCCCTA,GGCACTGAGTCA,TGCCATAAG,GAATTTAATACGACTCACTATAGGGAGAGTCTTATGGCAGGATCCTA,CGGGTACCTGACTCAGTGCC,GGAGAGTCTTATGGCAGGATCCTA
43,CCCGATCTCGTTGGTACCCC,GTGGATCCGTTAAATTCACTCTCCCTA,CCCGATCTCGTT,GTTAAATTC,GAATTTAATACGACTCACTATAGGGAGAGTGAATTTAACGGATCCAC,GGGGTACCAACGAGATCGGG,GGAGAGTGAATTTAACGGATCCAC
44,TTTGGCGCATCAGGTACCCA,GTGGATCCCATTCATGTACTCTCCCTA,TTTGGCGCATCA,CATTCATGT,GAATTTAATACGACTCACTATAGGGAGAGTACATGAATGGGATCCAC,TGGGTACCTGATGCGCCAAA,GGAGAGTACATGAATGGGATCCAC
45,GGTGAGGGTTCCGGTACCTG,ATGGATCCTAACCGTTTACTCTCCCTA,GGTGAGGGTTCC,TAACCGTTT,GAATTTAATACGACTCACTATAGGGAGAGTAAACGGTTAGGATCCAT,CAGGTACCGGAACCCTCACC,GGAGAGTAAACGGTTAGGATCCAT
46,CTTTGGGGATGCGGTACCTG,ATGGATCCTTCAACAGTACTCTCCCTA,CTTTGGGGATGC,TTCAACAGT,GAATTTAATACGACTCACTATAGGGAGAGTACTGTTGAAGGATCCAT,CAGGTACCGCATCCCCAAAG,GGAGAGTACTGTTGAAGGATCCAT
47,TTGGCTCCGTTAGGTACCGT,TAGGATCCAGCTACGATACTCTCCCTA,TTGGCTCCGTTA,AGCTACGAT,GAATTTAATACGACTCACTATAGGGAGAGTATCGTAGCTGGATCCTA,ACGGTACCTAACGGAGCCAA,GGAGAGTATCGTAGCTGGATCCTA
48,CGATGACAGACCGGTACCGT,CTGGATCCTGTCTTCTAACTCTCCCTA,CGATGACAGACC,TGTCTTCTA,GAATTTAATACGACTCACTATAGGGAGAGTTAGAAGACAGGATCCAG,ACGGTACCGGTCTGTCATCG,GGAGAGTTAGAAGACAGGATCCAG
49,TCTGGAAGTGCTGGTACCGG,CAGGATCCAAATCTTCGACTCTCCCTA,TCTGGAAGTGCT,AAATCTTCG,GAATTTAATACGACTCACTATAGGGAGAGTCGAAGATTTGGATCCTG,CCGGTACCAGCACTTCCAGA,GGAGAGTCGAAGATTTGGATCCTG
50,ATCGTTATGCCCGGTACCGT,CCGGATCCTATGATATCACTCTCCCTA,ATCGTTATGCCC,TATGATATC,GAATTTAATACGACTCACTATAGGGAGAGTGATATCATAGGATCCGG,ACGGTACCGGGCATAACGAT,GGAGAGTGATATCATAGGATCCGG
51,GATACTTTGCGCGGTACCCC,GTGGATCCAAACAAAGAACTCTCCCTA,GATACTTTGCGC,AAACAAAGA,GAATTTAATACGACTCACTATAGGGAGAGTTCTTTGTTTGGATCCAC,GGGGTACCGCGCAAAGTATC,GGAGAGTTCTTTGTTTGGATCCAC
52,AAGACGCTGCCTGGTACCAA,GTGGATCCCTTTTAGAGACTCTCCCTA,AAGACGCTGCCT,CTTTTAGAG,GAATTTAATACGACTCACTATAGGGAGAGTCTCTAAAAGGGATCCAC,TTGGTACCAGGCAGCGTCTT,GGAGAGTCTCTAAAAGGGATCCAC
53,TATGGTCAGCGTGGTACCCG,CTGGATCCTATTCACTCACTCTCCCTA,TATGGTCAGCGT,TATTCACTC,GAATTTAATACGACTCACTATAGGGAGAGTGAGTGAATAGGATCCAG,CGGGTACCACGCTGACCATA,GGAGAGTGAGTGAATAGGATCCAG
54,CTATACGGCGGAGGTACCCC,TTGGATCCGATAAACTGACTCTCCCTA,CTATACGGCGGA,GATAAACTG,GAATTTAATACGACTCACTATAGGGAGAGTCAGTTTATCGGATCCAA,GGGGTACCTCCGCCGTATAG,GGAGAGTCAGTTTATCGGATCCAA
55,CTGAATCCGAGCGGTACCCA,CCGGATCCTAAACATGAACTCTCCCTA,CTGAATCCGAGC,TAAACATGA,GAATTTAATACGACTCACTATAGGGAGAGTTCATGTTTAGGATCCGG,TGGGTACCGCTCGGATTCAG,GGAGAGTTCATGTTTAGGATCCGG
56,TGCGGCTTGTACGGTACCAA,CTGGATCCGTATCTACAACTCTCCCTA,TGCGGCTTGTAC,GTATCTACA,GAATTTAATACGACTCACTATAGGGAGAGTTGTAGATACGGATCCAG,TTGGTACCGTACAAGCCGCA,GGAGAGTTGTAGATACGGATCCAG
57,GTGGAGGCATCTGGTACCCT,TTGGATCCTCGAATATCACTCTCCCTA,GTGGAGGCATCT,TCGAATATC,GAATTTAATACGACTCACTATAGGGAGAGTGATATTCGAGGATCCAA,AGGGTACCAGATGCCTCCAC,GGAGAGTGATATTCGAGGATCCAA
58,CTGGAAGGCTTCGGTACCCC,TTGGATCCTGTTATGCAACTCTCCCTA,CTGGAAGGCTTC,TGTTATGCA,GAATTTAATACGACTCACTATAGGGAGAGTTGCATAACAGGATCCAA,GGGGTACCGAAGCCTTCCAG,GGAGAGTTGCATAACAGGATCCAA
59,AGATACGCCCAAGGTACCGG,CTGGATCCCTTTTAGAGACTCTCCCTA,AGATACGCCCAA,CTTTTAGAG,GAATTTAATACGACTCACTATAGGGAGAGTCTCTAAAAGGGATCCAG,CCGGTACCTTGGGCGTATCT,GGAGAGTCTCTAAAAGGGATCCAG
60,ACGTGCGTTTGTGGTACCCA,CAGGATCCGAATTGCTAACTCTCCCTA,ACGTGCGTTTGT,GAATTGCTA,GAATTTAATACGACTCACTATAGGGAGAGTTAGCAATTCGGATCCTG,TGGGTACCACAAACGCACGT,GGAGAGTTAGCAATTCGGATCCTG
61,TCTACGGTGGCTGGTACCTG,CTGGATCCGTGAAAGTTACTCTCCCTA,TCTACGGTGGCT,GTGAAAGTT,GAATTTAATACGACTCACTATAGGGAGAGTAACTTTCACGGATCCAG,CAGGTACCAGCCACCGTAGA,GGAGAGTAACTTTCACGGATCCAG
62,GTTTAGATCGCCGGTACCGC,TAGGATCCTTTTGTTGCACTCTCCCTA,GTTTAGATCGCC,TTTTGTTGC,GAATTTAATACGACTCACTATAGGGAGAGTGCAACAAAAGGATCCTA,GCGGTACCGGCGATCTAAAC,GGAGAGTGCAACAAAAGGATCCTA
63,GAAGGGGCTAGCGGTACCTA,TAGGATCCACGACTTTAACTCTCCCTA,GAAGGGGCTAGC,ACGACTTTA,GAATTTAATACGACTCACTATAGGGAGAGTTAAAGTCGTGGATCCTA,TAGGTACCGCTAGCCCCTTC,GGAGAGTTAAAGTCGTGGATCCTA
64,TGAGTGAGTCCAGGTACCCC,CTGGATCCCAACGAAATACTCTCCCTA,TGAGTGAGTCCA,CAACGAAAT,GAATTTAATACGACTCACTATAGGGAGAGTATTTCGTTGGGATCCAG,GGGGTACCTGGACTCACTCA,GGAGAGTATTTCGTTGGGATCCAG
65,TGTACTTTGGCCGGTACCCC,GTGGATCCGAGAAGATAACTCTCCCTA,TGTACTTTGGCC,GAGAAGATA,GAATTTAATACGACTCACTATAGGGAGAGTTATCTTCTCGGATCCAC,GGGGTACCGGCCAAAGTACA,GGAGAGTTATCTTCTCGGATCCAC
66,TAAGGGCAGGCAGGTACCAA,TAGGATCCGTACAAGTGACTCTCCCTA,TAAGGGCAGGCA,GTACAAGTG,GAATTTAATACGACTCACTATAGGGAGAGTCACTTGTACGGATCCTA,TTGGTACCTGCCTGCCCTTA,GGAGAGTCACTTGTACGGATCCTA
67,CGAAGGGTTGCCGGTACCTA,ATGGATCCAGTCACAATACTCTCCCTA,CGAAGGGTTGCC,AGTCACAAT,GAATTTAATACGACTCACTATAGGGAGAGTATTGTGACTGGATCCAT,TAGGTACCGGCAACCCTTCG,GGAGAGTATTGTGACTGGATCCAT
68,ATGTGTGGCTCCGGTACCTG,GTGGATCCAAACATTTCACTCTCCCTA,ATGTGTGGCTCC,AAACATTTC,GAATTTAATACGACTCACTATAGGGAGAGTGAAATGTTTGGATCCAC,CAGGTACCGGAGCCACACAT,GGAGAGTGAAATGTTTGGATCCAC
69,GTGCACGTGTTTGGTACCGC,TCGGATCCCCTAATAGTACTCTCCCTA,GTGCACGTGTTT,CCTAATAGT,GAATTTAATACGACTCACTATAGGGAGAGTACTATTAGGGGATCCGA,GCGGTACCAAACACGTGCAC,GGAGAGTACTATTAGGGGATCCGA
70,CATCCCAGTCGAGGTACCCC,CGGGATCCCATTTTAGTACTCTCCCTA,CATCCCAGTCGA,CATTTTAGT,GAATTTAATACGACTCACTATAGGGAGAGTACTAAAATGGGATCCCG,GGGGTACCTCGACTGGGATG,GGAGAGTACTAAAATGGGATCCCG
71,CGGGATTCGCTCGGTACCTC,CCGGATCCCTAGTAGATACTCTCCCTA,CGGGATTCGCTC,CTAGTAGAT,GAATTTAATACGACTCACTATAGGGAGAGTATCTACTAGGGATCCGG,GAGGTACCGAGCGAATCCCG,GGAGAGTATCTACTAGGGATCCGG
72,TCTCGAACTCCCGGTACCAC,TGGGATCCGTTACAGATACTCTCCCTA,TCTCGAACTCCC,GTTACAGAT,GAATTTAATACGACTCACTATAGGGAGAGTATCTGTAACGGATCCCA,GTGGTACCGGGAGTTCGAGA,GGAGAGTATCTGTAACGGATCCCA
73,CCAGGCTATGTCGGTACCCC,CAGGATCCCTTGTTAACACTCTCCCTA,CCAGGCTATGTC,CTTGTTAAC,GAATTTAATACGACTCACTATAGGGAGAGTGTTAACAAGGGATCCTG,GGGGTACCGACATAGCCTGG,GGAGAGTGTTAACAAGGGATCCTG
74,CGTTGTGAGCCTGGTACCGA,AAGGATCCTACTCGGTAACTCTCCCTA,CGTTGTGAGCCT,TACTCGGTA,GAATTTAATACGACTCACTATAGGGAGAGTTACCGAGTAGGATCCTT,TCGGTACCAGGCTCACAACG,GGAGAGTTACCGAGTAGGATCCTT
75,CTGCGGCCTCTAGGTACCTG,CTGGATCCAAGCTAATCACTCTCCCTA,CTGCGGCCTCTA,AAGCTAATC,GAATTTAATACGACTCACTATAGGGAGAGTGATTAGCTTGGATCCAG,CAGGTACCTAGAGGCCGCAG,GGAGAGTGATTAGCTTGGATCCAG
76,TGTGCGACTACCGGTACCAT,TTGGATCCACATGAATGACTCTCCCTA,TGTGCGACTACC,ACATGAATG,GAATTTAATACGACTCACTATAGGGAGAGTCATTCATGTGGATCCAA,ATGGTACCGGTAGTCGCACA,GGAGAGTCATTCATGTGGATCCAA
77,AAGTGGATGCCAGGTACCCC,TAGGATCCTCGACAGTAACTCTCCCTA,AAGTGGATGCCA,TCGACAGTA,GAATTTAATACGACTCACTATAGGGAGAGTTACTGTCGAGGATCCTA,GGGGTACCTGGCATCCACTT,GGAGAGTTACTGTCGAGGATCCTA
78,TCTGCCGCGTTTGGTACCTT,TTGGATCCGTTCTTAGTACTCTCCCTA,TCTGCCGCGTTT,GTTCTTAGT,GAATTTAATACGACTCACTATAGGGAGAGTACTAAGAACGGATCCAA,AAGGTACCAAACGCGGCAGA,GGAGAGTACTAAGAACGGATCCAA
79,CGTTGCGTCATCGGTACCAG,CGGGATCCTTAAACGTAACTCTCCCTA,CGTTGCGTCATC,TTAAACGTA,GAATTTAATACGACTCACTATAGGGAGAGTTACGTTTAAGGATCCCG,CTGGTACCGATGACGCAACG,GGAGAGTTACGTTTAAGGATCCCG
80,GCTTACGCTGGAGGTACCCT,TAGGATCCATGGTCTAGACTCTCCCTA,GCTTACGCTGGA,ATGGTCTAG,GAATTTAATACGACTCACTATAGGGAGAGTCTAGACCATGGATCCTA,AGGGTACCTCCAGCGTAAGC,GGAGAGTCTAGACCATGGATCCTA
81,CACGAGCCATCTGGTACCCT,AAGGATCCTCAATCTTGACTCTCCCTA,CACGAGCCATCT,TCAATCTTG,GAATTTAATACGACTCACTATAGGGAGAGTCAAGATTGAGGATCCTT,AGGGTACCAGATGGCTCGTG,GGAGAGTCAAGATTGAGGATCCTT
82,AGTCGGCATTGCGGTACCTT,GAGGATCCCGATGATAAACTCTCCCTA,AGTCGGCATTGC,CGATGATAA,GAATTTAATACGACTCACTATAGGGAGAGTTTATCATCGGGATCCTC,AAGGTACCGCAATGCCGACT,GGAGAGTTTATCATCGGGATCCTC
83,ACAAAGCGGATCGGTACCCA,GTGGATCCCTAAGCTAAACTCTCCCTA,ACAAAGCGGATC,CTAAGCTAA,GAATTTAATACGACTCACTATAGGGAGAGTTTAGCTTAGGGATCCAC,TGGGTACCGATCCGCTTTGT,GGAGAGTTTAGCTTAGGGATCCAC
84,ACGCTCCACTCAGGTACCAA,AAGGATCCATAGTTTGCACTCTCCCTA,ACGCTCCACTCA,ATAGTTTGC,GAATTTAATACGACTCACTATAGGGAGAGTGCAAACTATGGATCCTT,TTGGTACCTGAGTGGAGCGT,GGAGAGTGCAAACTATGGATCCTT
85,TGCGGATCAATCGGTACCCA,GAGGATCCGTATATGTCACTCTCCCTA,TGCGGATCAATC,GTATATGTC,GAATTTAATACGACTCACTATAGGGAGAGTGACATATACGGATCCTC,TGGGTACCGATTGATCCGCA,GGAGAGTGACATATACGGATCCTC
86,ATCAGTCTGGCAGGTACCGT,GTGGATCCGTCATTATCACTCTCCCTA,ATCAGTCTGGCA,GTCATTATC,GAATTTAATACGACTCACTATAGGGAGAGTGATAATGACGGATCCAC,ACGGTACCTGCCAGACTGAT,GGAGAGTGATAATGACGGATCCAC
87,ATTGTGGGCGCTGGTACCAA,CAGGATCCGCATATATCACTCTCCCTA,ATTGTGGGCGCT,GCATATATC,GAATTTAATACGACTCACTATAGGGAGAGTGATATATGCGGATCCTG,TTGGTACCAGCGCCCACAAT,GGAGAGTGATATATGCGGATCCTG
88,AGCGGGCTCTGAGGTACCTA,GAGGATCCCAGTTTGTTACTCTCCCTA,AGCGGGCTCTGA,CAGTTTGTT,GAATTTAATACGACTCACTATAGGGAGAGTAACAAACTGGGATCCTC,TAGGTACCTCAGAGCCCGCT,GGAGAGTAACAAACTGGGATCCTC
89,GTTAGGTCGGCAGGTACCCC,TAGGATCCGCTATTACCACTCTCCCTA,GTTAGGTCGGCA,GCTATTACC,GAATTTAATACGACTCACTATAGGGAGAGTGGTAATAGCGGATCCTA,GGGGTACCTGCCGACCTAAC,GGAGAGTGGTAATAGCGGATCCTA
90,CGGGAGTTGGATGGTACCCC,CAGGATCCGTGTTTTAGACTCTCCCTA,CGGGAGTTGGAT,GTGTTTTAG,GAATTTAATACGACTCACTATAGGGAGAGTCTAAAACACGGATCCTG,GGGGTACCATCCAACTCCCG,GGAGAGTCTAAAACACGGATCCTG
91,AATGGGCCTGCTGGTACCTT,GTGGATCCTATTCGACTACTCTCCCTA,AATGGGCCTGCT,TATTCGACT,GAATTTAATACGACTCACTATAGGGAGAGTAGTCGAATAGGATCCAC,AAGGTACCAGCAGGCCCATT,GGAGAGTAGTCGAATAGGATCCAC
92,GCTGAGGCGTTCGGTACCTT,GAGGATCCGCTTAACAAACTCTCCCTA,GCTGAGGCGTTC,GCTTAACAA,GAATTTAATACGACTCACTATAGGGAGAGTTTGTTAAGCGGATCCTC,AAGGTACCGAACGCCTCAGC,GGAGAGTTTGTTAAGCGGATCCTC
93,CCCAGAACGTGAGGTACCCA,CTGGATCCCAATTTCAAACTCTCCCTA,CCCAGAACGTGA,CAATTTCAA,GAATTTAATACGACTCACTATAGGGAGAGTTTGAAATTGGGATCCAG,TGGGTACCTCACGTTCTGGG,GGAGAGTTTGAAATTGGGATCCAG
94,GCTCGGAGTGACGGTACCTA,CTGGATCCGGATTCATAACTCTCCCTA,GCTCGGAGTGAC,GGATTCATA,GAATTTAATACGACTCACTATAGGGAGAGTTATGAATCCGGATCCAG,TAGGTACCGTCACTCCGAGC,GGAGAGTTATGAATCCGGATCCAG
95,ATGGGTTTGCGCGGTACCTA,CAGGATCCTAGGTTATGACTCTCCCTA,ATGGGTTTGCGC,TAGGTTATG,GAATTTAATACGACTCACTATAGGGAGAGTCATAACCTAGGATCCTG,TAGGTACCGCGCAAACCCAT,GGAGAGTCATAACCTAGGATCCTG
96,TGTGTCGCTGAAGGTACCCG,TAGGATCCCAGTAACTGACTCTCCCTA,TGTGTCGCTGAA,CAGTAACTG,GAATTTAATACGACTCACTATAGGGAGAGTCAGTTACTGGGATCCTA,CGGGTACCTTCAGCGACACA,GGAGAGTCAGTTACTGGGATCCTA
97,GGGTGGGTCCATGGTACCTC,ATGGATCCTGTGGTTTAACTCTCCCTA,GGGTGGGTCCAT,TGTGGTTTA,GAATTTAATACGACTCACTATAGGGAGAGTTAAACCACAGGATCCAT,GAGGTACCATGGACCCACCC,GGAGAGTTAAACCACAGGATCCAT
98,GTCAGGATCGCAGGTACCCG,GAGGATCCTACGGTAGTACTCTCCCTA,GTCAGGATCGCA,TACGGTAGT,GAATTTAATACGACTCACTATAGGGAGAGTACTACCGTAGGATCCTC,CGGGTACCTGCGATCCTGAC,GGAGAGTACTACCGTAGGATCCTC
99,TGGCAAGCATCCGGTACCAA,GAGGATCCTTCATCTGTACTCTCCCTA,TGGCAAGCATCC,TTCATCTGT,GAATTTAATACGACTCACTATAGGGAGAGTACAGATGAAGGATCCTC,TTGGTACCGGATGCTTGCCA,GGAGAGTACAGATGAAGGATCCTC
100,TTGTGGGTCGGTGGTACCTG,AAGGATCCTCTAACTCAACTCTCCCTA,TTGTGGGTCGGT,TCTAACTCA,GAATTTAATACGACTCACTATAGGGAGAGTTGAGTTAGAGGATCCTT,CAGGTACCACCGACCCACAA,GGAGAGTTGAGTTAGAGGATCCTT
101,GCTTCTACGCCAGGTACCGA,GCGGATCCTTATGAACTACTCTCCCTA,GCTTCTACGCCA,TTATGAACT,GAATTTAATACGACTCACTATAGGGAGAGTAGTTCATAAGGATCCGC,TCGGTACCTGGCGTAGAAGC,GGAGAGTAGTTCATAAGGATCCGC
102,CTGCGTGAGACCGGTACCTT,CTGGATCCACGATAAACACTCTCCCTA,CTGCGTGAGACC,ACGATAAAC,GAATTTAATACGACTCACTATAGGGAGAGTGTTTATCGTGGATCCAG,AAGGTACCGGTCTCACGCAG,GGAGAGTGTTTATCGTGGATCCAG
103,TTCGTCGGCTCTGGTACCAA,TAGGATCCGGTCTTAAAACTCTCCCTA,TTCGTCGGCTCT,GGTCTTAAA,GAATTTAATACGACTCACTATAGGGAGAGTTTTAAGACCGGATCCTA,TTGGTACCAGAGCCGACGAA,GGAGAGTTTTAAGACCGGATCCTA
104,TTAGCCGGGCATGGTACCTC,TTGGATCCTTGTGTATCACTCTCCCTA,TTAGCCGGGCAT,TTGTGTATC,GAATTTAATACGACTCACTATAGGGAGAGTGATACACAAGGATCCAA,GAGGTACCATGCCCGGCTAA,GGAGAGTGATACACAAGGATCCAA
105,GCAGAGAGTCGTGGTACCCG,ATGGATCCTTAGGCATTACTCTCCCTA,GCAGAGAGTCGT,TTAGGCATT,GAATTTAATACGACTCACTATAGGGAGAGTAATGCCTAAGGATCCAT,CGGGTACCACGACTCTCTGC,GGAGAGTAATGCCTAAGGATCCAT
106,GCTAGATCGCCAGGTACCCT,GAGGATCCACATCATTGACTCTCCCTA,GCTAGATCGCCA,ACATCATTG,GAATTTAATACGACTCACTATAGGGAGAGTCAATGATGTGGATCCTC,AGGGTACCTGGCGATCTAGC,GGAGAGTCAATGATGTGGATCCTC
107,GTCCTGCACCGTGGTACCTA,GCGGATCCTAATGTCTTACTCTCCCTA,GTCCTGCACCGT,TAATGTCTT,GAATTTAATACGACTCACTATAGGGAGAGTAAGACATTAGGATCCGC,TAGGTACCACGGTGCAGGAC,GGAGAGTAAGACATTAGGATCCGC
108,TCGGAATGTCCTGGTACCCG,TTGGATCCGGTTACATAACTCTCCCTA,TCGGAATGTCCT,GGTTACATA,GAATTTAATACGACTCACTATAGGGAGAGTTATGTAACCGGATCCAA,CGGGTACCAGGACATTCCGA,GGAGAGTTATGTAACCGGATCCAA
109,GGTAGTCGTCGCGGTACCTT,ATGGATCCTGGATGAAAACTCTCCCTA,GGTAGTCGTCGC,TGGATGAAA,GAATTTAATACGACTCACTATAGGGAGAGTTTTCATCCAGGATCCAT,AAGGTACCGCGACGACTACC,GGAGAGTTTTCATCCAGGATCCAT
110,CCACACGTGCATGGTACCCT,CAGGATCCGTAAGTAACACTCTCCCTA,CCACACGTGCAT,GTAAGTAAC,GAATTTAATACGACTCACTATAGGGAGAGTGTTACTTACGGATCCTG,AGGGTACCATGCACGTGTGG,GGAGAGTGTTACTTACGGATCCTG
111,AACTCTCTACCCGGTACCGC,ACGGATCCCTCTAGATAACTCTCCCTA,AACTCTCTACCC,CTCTAGATA,GAATTTAATACGACTCACTATAGGGAGAGTTATCTAGAGGGATCCGT,GCGGTACCGGGTAGAGAGTT,GGAGAGTTATCTAGAGGGATCCGT
112,ACCAAGACTCGCGGTACCTC,CAGGATCCTCTGAAAGTACTCTCCCTA,ACCAAGACTCGC,TCTGAAAGT,GAATTTAATACGACTCACTATAGGGAGAGTACTTTCAGAGGATCCTG,GAGGTACCGCGAGTCTTGGT,GGAGAGTACTTTCAGAGGATCCTG
113,GTGAGCGCTGTAGGTACCCC,GAGGATCCTGCAGTAATACTCTCCCTA,GTGAGCGCTGTA,TGCAGTAAT,GAATTTAATACGACTCACTATAGGGAGAGTATTACTGCAGGATCCTC,GGGGTACCTACAGCGCTCAC,GGAGAGTATTACTGCAGGATCCTC
114,AGATTGGCTCGCGGTACCTT,ATGGATCCCCTGTTTTAACTCTCCCTA,AGATTGGCTCGC,CCTGTTTTA,GAATTTAATACGACTCACTATAGGGAGAGTTAAAACAGGGGATCCAT,AAGGTACCGCGAGCCAATCT,GGAGAGTTAAAACAGGGGATCCAT
115,TGTGGCTCAGTCGGTACCAT,TAGGATCCACTCTAAGCACTCTCCCTA,TGTGGCTCAGTC,ACTCTAAGC,GAATTTAATACGACTCACTATAGGGAGAGTGCTTAGAGTGGATCCTA,ATGGTACCGACTGAGCCACA,GGAGAGTGCTTAGAGTGGATCCTA
116,GGGGATCTGTGTGGTACCCT,TCGGATCCCACATTATTACTCTCCCTA,GGGGATCTGTGT,CACATTATT,GAATTTAATACGACTCACTATAGGGAGAGTAATAATGTGGGATCCGA,AGGGTACCACACAGATCCCC,GGAGAGTAATAATGTGGGATCCGA
117,TACTGCATAGCCGGTACCGT,CTGGATCCTTGTGCTTTACTCTCCCTA,TACTGCATAGCC,TTGTGCTTT,GAATTTAATACGACTCACTATAGGGAGAGTAAAGCACAAGGATCCAG,ACGGTACCGGCTATGCAGTA,GGAGAGTAAAGCACAAGGATCCAG
118,CTTCACAGAGCCGGTACCCA,AAGGATCCGGAAATGTTACTCTCCCTA,CTTCACAGAGCC,GGAAATGTT,GAATTTAATACGACTCACTATAGGGAGAGTAACATTTCCGGATCCTT,TGGGTACCGGCTCTGTGAAG,GGAGAGTAACATTTCCGGATCCTT
119,CAAGGATCGAGCGGTACCCA,ACGGATCCCAAATGAATACTCTCCCTA,CAAGGATCGAGC,CAAATGAAT,GAATTTAATACGACTCACTATAGGGAGAGTATTCATTTGGGATCCGT,TGGGTACCGCTCGATCCTTG,GGAGAGTATTCATTTGGGATCCGT
120,GAGAATCGCGCCGGTACCTA,TAGGATCCGGCTTATTAACTCTCCCTA,GAGAATCGCGCC,GGCTTATTA,GAATTTAATACGACTCACTATAGGGAGAGTTAATAAGCCGGATCCTA,TAGGTACCGGCGCGATTCTC,GGAGAGTTAATAAGCCGGATCCTA
121,TGGCTCGCTCTTGGTACCAG,TAGGATCCCTCAAACAAACTCTCCCTA,TGGCTCGCTCTT,CTCAAACAA,GAATTTAATACGACTCACTATAGGGAGAGTTTGTTTGAGGGATCCTA,CTGGTACCAAGAGCGAGCCA,GGAGAGTTTGTTTGAGGGATCCTA
122,ACGTGAGCAAATGGTACCGC,TAGGATCCGTTGCTAAAACTCTCCCTA,ACGTGAGCAAAT,GTTGCTAAA,GAATTTAATACGACTCACTATAGGGAGAGTTTTAGCAACGGATCCTA,GCGGTACCATTTGCTCACGT,GGAGAGTTTTAGCAACGGATCCTA
123,GACTTGAGGCCCGGTACCAG,GAGGATCCTGTAGTCAAACTCTCCCTA,GACTTGAGGCCC,TGTAGTCAA,GAATTTAATACGACTCACTATAGGGAGAGTTTGACTACAGGATCCTC,CTGGTACCGGGCCTCAAGTC,GGAGAGTTTGACTACAGGATCCTC
124,GCGCACAGATTCGGTACCAC,TTGGATCCGGATACTGTACTCTCCCTA,GCGCACAGATTC,GGATACTGT,GAATTTAATACGACTCACTATAGGGAGAGTACAGTATCCGGATCCAA,GTGGTACCGAATCTGTGCGC,GGAGAGTACAGTATCCGGATCCAA
125,CGTCCTCTTGCTGGTACCCG,GAGGATCCCAATGTCTTACTCTCCCTA,CGTCCTCTTGCT,CAATGTCTT,GAATTTAATACGACTCACTATAGGGAGAGTAAGACATTGGGATCCTC,CGGGTACCAGCAAGAGGACG,GGAGAGTAAGACATTGGGATCCTC
126,AGTTCAGTCCGAGGTACCCG,CCGGATCCAGTGTTATTACTCTCCCTA,AGTTCAGTCCGA,AGTGTTATT,GAATTTAATACGACTCACTATAGGGAGAGTAATAACACTGGATCCGG,CGGGTACCTCGGACTGAACT,GGAGAGTAATAACACTGGATCCGG
127,CGAAGGTCAAGCGGTACCCT,AAGGATCCTGGTCTCATACTCTCCCTA,CGAAGGTCAAGC,TGGTCTCAT,GAATTTAATACGACTCACTATAGGGAGAGTATGAGACCAGGATCCTT,AGGGTACCGCTTGACCTTCG,GGAGAGTATGAGACCAGGATCCTT
128,ACGTGGGCATTTGGTACCGA,TAGGATCCCATACAGAGACTCTCCCTA,ACGTGGGCATTT,CATACAGAG,GAATTTAATACGACTCACTATAGGGAGAGTCTCTGTATGGGATCCTA,TCGGTACCAAATGCCCACGT,GGAGAGTCTCTGTATGGGATCCTA
129,ACGATGCGCCAAGGTACCTA,ATGGATCCTGAACTATCACTCTCCCTA,ACGATGCGCCAA,TGAACTATC,GAATTTAATACGACTCACTATAGGGAGAGTGATAGTTCAGGATCCAT,TAGGTACCTTGGCGCATCGT,GGAGAGTGATAGTTCAGGATCCAT
130,GAGCTTTGCGGCGGTACCTA,CGGGATCCAATGCTTATACTCTCCCTA,GAGCTTTGCGGC,AATGCTTAT,GAATTTAATACGACTCACTATAGGGAGAGTATAAGCATTGGATCCCG,TAGGTACCGCCGCAAAGCTC,GGAGAGTATAAGCATTGGATCCCG
131,TGTTGATGTCGCGGTACCCA,CTGGATCCCTGCTTTAAACTCTCCCTA,TGTTGATGTCGC,CTGCTTTAA,GAATTTAATACGACTCACTATAGGGAGAGTTTAAAGCAGGGATCCAG,TGGGTACCGCGACATCAACA,GGAGAGTTTAAAGCAGGGATCCAG
132,CGTAGATACCGCGGTACCCC,CCGGATCCTTTTACATGACTCTCCCTA,CGTAGATACCGC,TTTTACATG,GAATTTAATACGACTCACTATAGGGAGAGTCATGTAAAAGGATCCGG,GGGGTACCGCGGTATCTACG,GGAGAGTCATGTAAAAGGATCCGG
133,CTCAGCACGACCGGTACCAG,TCGGATCCTTTATGCAAACTCTCCCTA,CTCAGCACGACC,TTTATGCAA,GAATTTAATACGACTCACTATAGGGAGAGTTTGCATAAAGGATCCGA,CTGGTACCGGTCGTGCTGAG,GGAGAGTTTGCATAAAGGATCCGA
134,TACGCGCCATGTGGTACCTC,GTGGATCCGACAGTTTTACTCTCCCTA,TACGCGCCATGT,GACAGTTTT,GAATTTAATACGACTCACTATAGGGAGAGTAAAACTGTCGGATCCAC,GAGGTACCACATGGCGCGTA,GGAGAGTAAAACTGTCGGATCCAC
135,GTTCTGCAATGCGGTACCCA,CTGGATCCCATTATCAGACTCTCCCTA,GTTCTGCAATGC,CATTATCAG,GAATTTAATACGACTCACTATAGGGAGAGTCTGATAATGGGATCCAG,TGGGTACCGCATTGCAGAAC,GGAGAGTCTGATAATGGGATCCAG
136,ACAACTATCCGCGGTACCCA,TTGGATCCTGTTAAACGACTCTCCCTA,ACAACTATCCGC,TGTTAAACG,GAATTTAATACGACTCACTATAGGGAGAGTCGTTTAACAGGATCCAA,TGGGTACCGCGGATAGTTGT,GGAGAGTCGTTTAACAGGATCCAA
137,TCGCGTCCTTTAGGTACCGG,GGGGATCCTTATTGGTAACTCTCCCTA,TCGCGTCCTTTA,TTATTGGTA,GAATTTAATACGACTCACTATAGGGAGAGTTACCAATAAGGATCCCC,CCGGTACCTAAAGGACGCGA,GGAGAGTTACCAATAAGGATCCCC
138,CCTATCTGGCGTGGTACCCC,GTGGATCCTTGCGTATAACTCTCCCTA,CCTATCTGGCGT,TTGCGTATA,GAATTTAATACGACTCACTATAGGGAGAGTTATACGCAAGGATCCAC,GGGGTACCACGCCAGATAGG,GGAGAGTTATACGCAAGGATCCAC
139,TGAGCTGGTTACGGTACCCC,CGGGATCCTAATATCTGACTCTCCCTA,TGAGCTGGTTAC,TAATATCTG,GAATTTAATACGACTCACTATAGGGAGAGTCAGATATTAGGATCCCG,GGGGTACCGTAACCAGCTCA,GGAGAGTCAGATATTAGGATCCCG
140,TGGAACGCTTTCGGTACCGT,GGGGATCCTGTAACATTACTCTCCCTA,TGGAACGCTTTC,TGTAACATT,GAATTTAATACGACTCACTATAGGGAGAGTAATGTTACAGGATCCCC,ACGGTACCGAAAGCGTTCCA,GGAGAGTAATGTTACAGGATCCCC
141,GCTGCATCGTGAGGTACCGT,ATGGATCCGTATCGAATACTCTCCCTA,GCTGCATCGTGA,GTATCGAAT,GAATTTAATACGACTCACTATAGGGAGAGTATTCGATACGGATCCAT,ACGGTACCTCACGATGCAGC,GGAGAGTATTCGATACGGATCCAT
142,AGGTTGCGATGTGGTACCCA,GTGGATCCCTTAGCATTACTCTCCCTA,AGGTTGCGATGT,CTTAGCATT,GAATTTAATACGACTCACTATAGGGAGAGTAATGCTAAGGGATCCAC,TGGGTACCACATCGCAACCT,GGAGAGTAATGCTAAGGGATCCAC
143,TCAGATGGGAGTGGTACCGC,TTGGATCCGCTTATCATACTCTCCCTA,TCAGATGGGAGT,GCTTATCAT,GAATTTAATACGACTCACTATAGGGAGAGTATGATAAGCGGATCCAA,GCGGTACCACTCCCATCTGA,GGAGAGTATGATAAGCGGATCCAA
144,TGCAGCTTCCATGGTACCGT,TTGGATCCTATACGTGGACTCTCCCTA,TGCAGCTTCCAT,TATACGTGG,GAATTTAATACGACTCACTATAGGGAGAGTCCACGTATAGGATCCAA,ACGGTACCATGGAAGCTGCA,GGAGAGTCCACGTATAGGATCCAA
145,AGAAACGTGGCCGGTACCTA,CAGGATCCATAGGTTTCACTCTCCCTA,AGAAACGTGGCC,ATAGGTTTC,GAATTTAATACGACTCACTATAGGGAGAGTGAAACCTATGGATCCTG,TAGGTACCGGCCACGTTTCT,GGAGAGTGAAACCTATGGATCCTG
146,ACAGCTTGGACCGGTACCTT,TCGGATCCATTTCCATAACTCTCCCTA,ACAGCTTGGACC,ATTTCCATA,GAATTTAATACGACTCACTATAGGGAGAGTTATGGAAATGGATCCGA,AAGGTACCGGTCCAAGCTGT,GGAGAGTTATGGAAATGGATCCGA
147,ACAGGAGCACTAGGTACCGG,GAGGATCCTTATGGTGAACTCTCCCTA,ACAGGAGCACTA,TTATGGTGA,GAATTTAATACGACTCACTATAGGGAGAGTTCACCATAAGGATCCTC,CCGGTACCTAGTGCTCCTGT,GGAGAGTTCACCATAAGGATCCTC
148,CGAATCGGCCGAGGTACCTA,TTGGATCCGTTCGATATACTCTCCCTA,CGAATCGGCCGA,GTTCGATAT,GAATTTAATACGACTCACTATAGGGAGAGTATATCGAACGGATCCAA,TAGGTACCTCGGCCGATTCG,GGAGAGTATATCGAACGGATCCAA
149,ACACGCAGCACAGGTACCTC,ACGGATCCATTGGAAATACTCTCCCTA,ACACGCAGCACA,ATTGGAAAT,GAATTTAATACGACTCACTATAGGGAGAGTATTTCCAATGGATCCGT,GAGGTACCTGTGCTGCGTGT,GGAGAGTATTTCCAATGGATCCGT
150,GCCAGGAACTTTGGTACCCC,TTGGATCCGTCTGAAAAACTCTCCCTA,GCCAGGAACTTT,GTCTGAAAA,GAATTTAATACGACTCACTATAGGGAGAGTTTTTCAGACGGATCCAA,GGGGTACCAAAGTTCCTGGC,GGAGAGTTTTTCAGACGGATCCAA
151,ACGTGTGGCTTAGGTACCCC,TAGGATCCCGTCTGATAACTCTCCCTA,ACGTGTGGCTTA,CGTCTGATA,GAATTTAATACGACTCACTATAGGGAGAGTTATCAGACGGGATCCTA,GGGGTACCTAAGCCACACGT,GGAGAGTTATCAGACGGGATCCTA
152,GAGTTGACGGCCGGTACCTA,ACGGATCCATTTCATTCACTCTCCCTA,GAGTTGACGGCC,ATTTCATTC,GAATTTAATACGACTCACTATAGGGAGAGTGAATGAAATGGATCCGT,TAGGTACCGGCCGTCAACTC,GGAGAGTGAATGAAATGGATCCGT
153,CTCACAGTCGGAGGTACCCC,GCGGATCCTGATAATCTACTCTCCCTA,CTCACAGTCGGA,TGATAATCT,GAATTTAATACGACTCACTATAGGGAGAGTAGATTATCAGGATCCGC,GGGGTACCTCCGACTGTGAG,GGAGAGTAGATTATCAGGATCCGC
154,AGTGAGTCATGCGGTACCCT,CAGGATCCCATGAAGAAACTCTCCCTA,AGTGAGTCATGC,CATGAAGAA,GAATTTAATACGACTCACTATAGGGAGAGTTTCTTCATGGGATCCTG,AGGGTACCGCATGACTCACT,GGAGAGTTTCTTCATGGGATCCTG
155,CGGTCCCGTCATGGTACCTC,CGGGATCCATGTATTGTACTCTCCCTA,CGGTCCCGTCAT,ATGTATTGT,GAATTTAATACGACTCACTATAGGGAGAGTACAATACATGGATCCCG,GAGGTACCATGACGGGACCG,GGAGAGTACAATACATGGATCCCG
156,GAGGTTATGGCCGGTACCGT,CAGGATCCTTTCTCTGAACTCTCCCTA,GAGGTTATGGCC,TTTCTCTGA,GAATTTAATACGACTCACTATAGGGAGAGTTCAGAGAAAGGATCCTG,ACGGTACCGGCCATAACCTC,GGAGAGTTCAGAGAAAGGATCCTG
157,GGCCCGTTCTCTGGTACCTA,TCGGATCCTTTAGTTGTACTCTCCCTA,GGCCCGTTCTCT,TTTAGTTGT,GAATTTAATACGACTCACTATAGGGAGAGTACAACTAAAGGATCCGA,TAGGTACCAGAGAACGGGCC,GGAGAGTACAACTAAAGGATCCGA
158,TGTGCGGCTAGTGGTACCTC,TTGGATCCTAAGATTGGACTCTCCCTA,TGTGCGGCTAGT,TAAGATTGG,GAATTTAATACGACTCACTATAGGGAGAGTCCAATCTTAGGATCCAA,GAGGTACCACTAGCCGCACA,GGAGAGTCCAATCTTAGGATCCAA
159,ACGTACAGGCCAGGTACCTC,TTGGATCCTGTTTCATCACTCTCCCTA,ACGTACAGGCCA,TGTTTCATC,GAATTTAATACGACTCACTATAGGGAGAGTGATGAAACAGGATCCAA,GAGGTACCTGGCCTGTACGT,GGAGAGTGATGAAACAGGATCCAA
160,AGAAGAGCCTGTGGTACCGC,GTGGATCCTTTAGACCTACTCTCCCTA,AGAAGAGCCTGT,TTTAGACCT,GAATTTAATACGACTCACTATAGGGAGAGTAGGTCTAAAGGATCCAC,GCGGTACCACAGGCTCTTCT,GGAGAGTAGGTCTAAAGGATCCAC
161,AAGTCGGCGAGAGGTACCAG,GAGGATCCATTCACGAAACTCTCCCTA,AAGTCGGCGAGA,ATTCACGAA,GAATTTAATACGACTCACTATAGGGAGAGTTTCGTGAATGGATCCTC,CTGGTACCTCTCGCCGACTT,GGAGAGTTTCGTGAATGGATCCTC
162,GAAGGAGGCAGTGGTACCCA,TTGGATCCTCGTTTCATACTCTCCCTA,GAAGGAGGCAGT,TCGTTTCAT,GAATTTAATACGACTCACTATAGGGAGAGTATGAAACGAGGATCCAA,TGGGTACCACTGCCTCCTTC,GGAGAGTATGAAACGAGGATCCAA
163,CCTTCAGGCTCTGGTACCGT,CAGGATCCATATGTGTCACTCTCCCTA,CCTTCAGGCTCT,ATATGTGTC,GAATTTAATACGACTCACTATAGGGAGAGTGACACATATGGATCCTG,ACGGTACCAGAGCCTGAAGG,GGAGAGTGACACATATGGATCCTG
164,GGTGTGGGCTATGGTACCGG,GTGGATCCGATTTTACAACTCTCCCTA,GGTGTGGGCTAT,GATTTTACA,GAATTTAATACGACTCACTATAGGGAGAGTTGTAAAATCGGATCCAC,CCGGTACCATAGCCCACACC,GGAGAGTTGTAAAATCGGATCCAC
165,GTCAGTAGGAGCGGTACCCC,TTGGATCCAGTACAAACACTCTCCCTA,GTCAGTAGGAGC,AGTACAAAC,GAATTTAATACGACTCACTATAGGGAGAGTGTTTGTACTGGATCCAA,GGGGTACCGCTCCTACTGAC,GGAGAGTGTTTGTACTGGATCCAA
166,CGAGGGCAAAGCGGTACCTA,CTGGATCCAACCCTATAACTCTCCCTA,CGAGGGCAAAGC,AACCCTATA,GAATTTAATACGACTCACTATAGGGAGAGTTATAGGGTTGGATCCAG,TAGGTACCGCTTTGCCCTCG,GGAGAGTTATAGGGTTGGATCCAG
167,ACCTCGTTCGCTGGTACCAA,TGGGATCCTCGAAGATAACTCTCCCTA,ACCTCGTTCGCT,TCGAAGATA,GAATTTAATACGACTCACTATAGGGAGAGTTATCTTCGAGGATCCCA,TTGGTACCAGCGAACGAGGT,GGAGAGTTATCTTCGAGGATCCCA
168,GCGGTCAGTTTCGGTACCAC,TTGGATCCAAGTGTTTGACTCTCCCTA,GCGGTCAGTTTC,AAGTGTTTG,GAATTTAATACGACTCACTATAGGGAGAGTCAAACACTTGGATCCAA,GTGGTACCGAAACTGACCGC,GGAGAGTCAAACACTTGGATCCAA
169,GCGGGTTGAAACGGTACCTC,TTGGATCCAAGACAACTACTCTCCCTA,GCGGGTTGAAAC,AAGACAACT,GAATTTAATACGACTCACTATAGGGAGAGTAGTTGTCTTGGATCCAA,GAGGTACCGTTTCAACCCGC,GGAGAGTAGTTGTCTTGGATCCAA
170,CAGGACTCCCATGGTACCGA,CTGGATCCCCTAATCTAACTCTCCCTA,CAGGACTCCCAT,CCTAATCTA,GAATTTAATACGACTCACTATAGGGAGAGTTAGATTAGGGGATCCAG,TCGGTACCATGGGAGTCCTG,GGAGAGTTAGATTAGGGGATCCAG
171,GAGTTTTCCGCCGGTACCGT,TAGGATCCCTGCTTTTAACTCTCCCTA,GAGTTTTCCGCC,CTGCTTTTA,GAATTTAATACGACTCACTATAGGGAGAGTTAAAAGCAGGGATCCTA,ACGGTACCGGCGGAAAACTC,GGAGAGTTAAAAGCAGGGATCCTA
172,GCTTGGCATGACGGTACCAG,ATGGATCCCTATCTCTCACTCTCCCTA,GCTTGGCATGAC,CTATCTCTC,GAATTTAATACGACTCACTATAGGGAGAGTGAGAGATAGGGATCCAT,CTGGTACCGTCATGCCAAGC,GGAGAGTGAGAGATAGGGATCCAT
173,TAGTCTGGGCCTGGTACCTG,ACGGATCCTGTTTAACTACTCTCCCTA,TAGTCTGGGCCT,TGTTTAACT,GAATTTAATACGACTCACTATAGGGAGAGTAGTTAAACAGGATCCGT,CAGGTACCAGGCCCAGACTA,GGAGAGTAGTTAAACAGGATCCGT
174,ACTGAAAACGCCGGTACCCT,GTGGATCCGAATAACTGACTCTCCCTA,ACTGAAAACGCC,GAATAACTG,GAATTTAATACGACTCACTATAGGGAGAGTCAGTTATTCGGATCCAC,AGGGTACCGGCGTTTTCAGT,GGAGAGTCAGTTATTCGGATCCAC
175,TTTGAGGGCGTCGGTACCTT,CTGGATCCAATACGAGTACTCTCCCTA,TTTGAGGGCGTC,AATACGAGT,GAATTTAATACGACTCACTATAGGGAGAGTACTCGTATTGGATCCAG,AAGGTACCGACGCCCTCAAA,GGAGAGTACTCGTATTGGATCCAG
176,CCCATTCGGCGTGGTACCTA,AAGGATCCGGATATACGACTCTCCCTA,CCCATTCGGCGT,GGATATACG,GAATTTAATACGACTCACTATAGGGAGAGTCGTATATCCGGATCCTT,TAGGTACCACGCCGAATGGG,GGAGAGTCGTATATCCGGATCCTT
177,AACACTGGCGGAGGTACCAT,AAGGATCCGTCTTTTACACTCTCCCTA,AACACTGGCGGA,GTCTTTTAC,GAATTTAATACGACTCACTATAGGGAGAGTGTAAAAGACGGATCCTT,ATGGTACCTCCGCCAGTGTT,GGAGAGTGTAAAAGACGGATCCTT
178,CAAATGGGGCCCGGTACCTA,TCGGATCCTGTGAATAAACTCTCCCTA,CAAATGGGGCCC,TGTGAATAA,GAATTTAATACGACTCACTATAGGGAGAGTTTATTCACAGGATCCGA,TAGGTACCGGGCCCCATTTG,GGAGAGTTTATTCACAGGATCCGA
179,GGTGGTGTTCGAGGTACCCA,AAGGATCCGCATTAGTTACTCTCCCTA,GGTGGTGTTCGA,GCATTAGTT,GAATTTAATACGACTCACTATAGGGAGAGTAACTAATGCGGATCCTT,TGGGTACCTCGAACACCACC,GGAGAGTAACTAATGCGGATCCTT
180,AGGCTGTGAGTCGGTACCAT,CGGGATCCCTAATATTCACTCTCCCTA,AGGCTGTGAGTC,CTAATATTC,GAATTTAATACGACTCACTATAGGGAGAGTGAATATTAGGGATCCCG,ATGGTACCGACTCACAGCCT,GGAGAGTGAATATTAGGGATCCCG
181,TCCTCAACTGCTGGTACCCA,GTGGATCCAGCATAAGTACTCTCCCTA,TCCTCAACTGCT,AGCATAAGT,GAATTTAATACGACTCACTATAGGGAGAGTACTTATGCTGGATCCAC,TGGGTACCAGCAGTTGAGGA,GGAGAGTACTTATGCTGGATCCAC
182,CACTATCCGCTCGGTACCCA,ATGGATCCTCTAGTGTCACTCTCCCTA,CACTATCCGCTC,TCTAGTGTC,GAATTTAATACGACTCACTATAGGGAGAGTGACACTAGAGGATCCAT,TGGGTACCGAGCGGATAGTG,GGAGAGTGACACTAGAGGATCCAT
183,GGGAACGTCACTGGTACCCT,GCGGATCCAATATGCATACTCTCCCTA,GGGAACGTCACT,AATATGCAT,GAATTTAATACGACTCACTATAGGGAGAGTATGCATATTGGATCCGC,AGGGTACCAGTGACGTTCCC,GGAGAGTATGCATATTGGATCCGC
184,GATTCTGCCGTTGGTACCCG,TTGGATCCGCAAAATGTACTCTCCCTA,GATTCTGCCGTT,GCAAAATGT,GAATTTAATACGACTCACTATAGGGAGAGTACATTTTGCGGATCCAA,CGGGTACCAACGGCAGAATC,GGAGAGTACATTTTGCGGATCCAA
185,CGTCTTCAGCCCGGTACCTA,CAGGATCCACTCGATTAACTCTCCCTA,CGTCTTCAGCCC,ACTCGATTA,GAATTTAATACGACTCACTATAGGGAGAGTTAATCGAGTGGATCCTG,TAGGTACCGGGCTGAAGACG,GGAGAGTTAATCGAGTGGATCCTG
186,TGGATGAACGCAGGTACCCG,TCGGATCCACATTTTACACTCTCCCTA,TGGATGAACGCA,ACATTTTAC,GAATTTAATACGACTCACTATAGGGAGAGTGTAAAATGTGGATCCGA,CGGGTACCTGCGTTCATCCA,GGAGAGTGTAAAATGTGGATCCGA
187,TACAGCGTGCGAGGTACCTT,TTGGATCCCGATTAGTAACTCTCCCTA,TACAGCGTGCGA,CGATTAGTA,GAATTTAATACGACTCACTATAGGGAGAGTTACTAATCGGGATCCAA,AAGGTACCTCGCACGCTGTA,GGAGAGTTACTAATCGGGATCCAA
188,GGGGTCGTGTTAGGTACCGC,TTGGATCCTTACTCTGAACTCTCCCTA,GGGGTCGTGTTA,TTACTCTGA,GAATTTAATACGACTCACTATAGGGAGAGTTCAGAGTAAGGATCCAA,GCGGTACCTAACACGACCCC,GGAGAGTTCAGAGTAAGGATCCAA
189,ATGGCCTGTGTCGGTACCAT,GCGGATCCATATTCATGACTCTCCCTA,ATGGCCTGTGTC,ATATTCATG,GAATTTAATACGACTCACTATAGGGAGAGTCATGAATATGGATCCGC,ATGGTACCGACACAGGCCAT,GGAGAGTCATGAATATGGATCCGC
190,GAGTGGCCATCCGGTACCTA,CTGGATCCCTGTACTAAACTCTCCCTA,GAGTGGCCATCC,CTGTACTAA,GAATTTAATACGACTCACTATAGGGAGAGTTTAGTACAGGGATCCAG,TAGGTACCGGATGGCCACTC,GGAGAGTTTAGTACAGGGATCCAG
191,GTGCACAGGGGAGGTACCTT,CAGGATCCTCTGGTAGTACTCTCCCTA,GTGCACAGGGGA,TCTGGTAGT,GAATTTAATACGACTCACTATAGGGAGAGTACTACCAGAGGATCCTG,AAGGTACCTCCCCTGTGCAC,GGAGAGTACTACCAGAGGATCCTG
192,AAGTCCATTCCCGGTACCGT,TAGGATCCAAGGCTATCACTCTCCCTA,AAGTCCATTCCC,AAGGCTATC,GAATTTAATACGACTCACTATAGGGAGAGTGATAGCCTTGGATCCTA,ACGGTACCGGGAATGGACTT,GGAGAGTGATAGCCTTGGATCCTA
193,GTTGTCAGTCCCGGTACCGT,TTGGATCCAAGATACGTACTCTCCCTA,GTTGTCAGTCCC,AAGATACGT,GAATTTAATACGACTCACTATAGGGAGAGTACGTATCTTGGATCCAA,ACGGTACCGGGACTGACAAC,GGAGAGTACGTATCTTGGATCCAA
194,CTGGTCGAAGCCGGTACCTC,GTGGATCCGTTTCTCTAACTCTCCCTA,CTGGTCGAAGCC,GTTTCTCTA,GAATTTAATACGACTCACTATAGGGAGAGTTAGAGAAACGGATCCAC,GAGGTACCGGCTTCGACCAG,GGAGAGTTAGAGAAACGGATCCAC
195,GAATCGCGTTCTGGTACCCG,CGGGATCCACTATAATCACTCTCCCTA,GAATCGCGTTCT,ACTATAATC,GAATTTAATACGACTCACTATAGGGAGAGTGATTATAGTGGATCCCG,CGGGTACCAGAACGCGATTC,GGAGAGTGATTATAGTGGATCCCG
196,GCTGCTTCCAATGGTACCGC,TAGGATCCACTAGGCTAACTCTCCCTA,GCTGCTTCCAAT,ACTAGGCTA,GAATTTAATACGACTCACTATAGGGAGAGTTAGCCTAGTGGATCCTA,GCGGTACCATTGGAAGCAGC,GGAGAGTTAGCCTAGTGGATCCTA
197,CCACCTTCCTGCGGTACCTA,TCGGATCCTGAAGTAGTACTCTCCCTA,CCACCTTCCTGC,TGAAGTAGT,GAATTTAATACGACTCACTATAGGGAGAGTACTACTTCAGGATCCGA,TAGGTACCGCAGGAAGGTGG,GGAGAGTACTACTTCAGGATCCGA
198,TAAACGTCGGCTGGTACCCA,TGGGATCCGATAGTGATACTCTCCCTA,TAAACGTCGGCT,GATAGTGAT,GAATTTAATACGACTCACTATAGGGAGAGTATCACTATCGGATCCCA,TGGGTACCAGCCGACGTTTA,GGAGAGTATCACTATCGGATCCCA
199,TGAAAGTCCGGCGGTACCTT,TGGGATCCCTAAGAAGTACTCTCCCTA,TGAAAGTCCGGC,CTAAGAAGT,GAATTTAATACGACTCACTATAGGGAGAGTACTTCTTAGGGATCCCA,AAGGTACCGCCGGACTTTCA,GGAGAGTACTTCTTAGGGATCCCA
200,TCTGTGCGGACTGGTACCTC,TCGGATCCAGCTCTAATACTCTCCCTA,TCTGTGCGGACT,AGCTCTAAT,GAATTTAATACGACTCACTATAGGGAGAGTATTAGAGCTGGATCCGA,GAGGTACCAGTCCGCACAGA,GGAGAGTATTAGAGCTGGATCCGA
